City_ID,City,Lat,Lng,Max Temp,Humidity,Cloudiness,Wind Speed,Country,Date
0,Busselton,-33.65,115.3333,97.05,30,38,7.76,AU,2022-02-03 07:39:44
1,Kavieng,-2.5744,150.7967,80.28,79,100,12.26,PG,2022-02-03 07:37:09
2,Richards Bay,-28.783,32.0377,90.28,52,9,9.44,ZA,2022-02-03 07:39:45
3,Dikson,73.5069,80.5464,-10.75,98,93,10.87,RU,2022-02-03 07:39:46
4,Ushuaia,-54.8,-68.3,40.66,65,75,20.71,AR,2022-02-03 07:37:23
5,Raudeberg,61.9875,5.1352,35.87,82,100,5.99,NO,2022-02-03 07:39:47
6,Baymak,52.5933,58.3225,21.87,95,99,8.39,RU,2022-02-03 07:39:47
7,Half Moon Bay,37.4636,-122.4286,55.62,50,0,3.44,US,2022-02-03 07:39:48
8,Silver City,32.7701,-108.2803,27.68,90,0,5.75,US,2022-02-03 07:39:49
9,Puerto Ayora,-0.7393,-90.3518,73.54,93,17,3.0,EC,2022-02-03 07:39:49
10,Souillac,-20.5167,57.5167,79.36,94,75,26.46,MU,2022-02-03 07:39:50
11,Berlevag,70.8578,29.0864,22.95,80,75,11.5,NO,2022-02-03 07:39:51
12,Strezhevoy,60.7333,77.5889,22.98,92,100,10.29,RU,2022-02-03 07:39:52
13,Carnarvon,-24.8667,113.6333,86.07,66,0,20.71,AU,2022-02-03 07:39:53
14,Hilo,19.7297,-155.09,70.79,89,75,3.44,US,2022-02-03 07:39:53
15,Mataura,-46.1927,168.8643,56.48,66,100,4.54,NZ,2022-02-03 07:39:54
16,Albany,42.6001,-73.9662,44.8,86,100,2.8,US,2022-02-03 07:39:54
17,Tiarei,-17.5333,-149.3333,82.0,77,16,20.87,PF,2022-02-03 07:39:55
18,Matara,5.9485,80.5353,85.21,55,5,7.36,LK,2022-02-03 07:39:55
19,Hobart,-42.8794,147.3294,64.02,59,75,1.01,AU,2022-02-03 07:37:49
20,Cape Town,-33.9258,18.4232,65.88,90,75,7.0,ZA,2022-02-03 07:39:56
21,San Jose,37.3394,-121.895,55.56,47,20,4.61,US,2022-02-03 07:39:16
22,Vila Franca Do Campo,37.7167,-25.4333,59.41,84,44,8.97,PT,2022-02-03 07:39:57
23,Hermanus,-34.4187,19.2345,64.9,80,99,15.05,ZA,2022-02-03 07:39:57
24,Esperance,-33.8667,121.9,85.84,52,8,24.58,AU,2022-02-03 07:39:58
25,Severo-Kurilsk,50.6789,156.125,29.82,82,100,11.77,RU,2022-02-03 07:38:58
26,Broken Hill,-31.95,141.4333,78.51,25,0,19.57,AU,2022-02-03 07:39:58
27,Bluff,-46.6,168.3333,56.8,61,100,14.83,NZ,2022-02-03 07:39:59
28,Butaritari,3.0707,172.7902,82.11,77,100,13.53,KI,2022-02-03 07:40:00
29,Rikitea,-23.1203,-134.9692,77.52,77,100,10.45,PF,2022-02-03 07:35:45
30,Lompoc,34.6391,-120.4579,52.11,56,0,4.61,US,2022-02-03 07:35:50
31,Ishinomaki,38.4167,141.3,37.4,76,29,12.28,JP,2022-02-03 07:40:02
32,Bubaque,11.2833,-15.8333,76.98,79,21,5.86,GW,2022-02-03 07:40:02
33,Mahajanga,-15.7167,46.3167,89.62,62,40,3.44,MG,2022-02-03 07:40:03
34,Rio Cuarto,-33.1307,-64.3499,57.83,66,91,5.06,AR,2022-02-03 07:40:04
35,Victoria,22.2855,114.1577,60.94,85,100,1.01,HK,2022-02-03 07:38:10
36,Laem Sing,12.4816,102.0738,89.94,64,97,10.51,TH,2022-02-03 07:40:05
37,Sao Filipe,14.8961,-24.4956,73.38,74,0,10.49,CV,2022-02-03 07:40:06
38,Tuatapere,-46.1333,167.6833,56.82,67,100,7.78,NZ,2022-02-03 07:40:07
39,Ilulissat,69.2167,-51.1,-3.78,65,100,9.64,GL,2022-02-03 07:40:08
40,Mahebourg,-20.4081,57.7,79.25,94,75,26.46,MU,2022-02-03 07:40:09
41,Zheleznodorozhnyy,55.7503,38.0042,18.12,92,94,4.7,RU,2022-02-03 07:40:10
42,Iranshahr,27.2025,60.6848,64.74,27,0,6.91,IR,2022-02-03 07:40:11
43,Yellowknife,62.456,-114.3525,-30.59,80,0,11.5,CA,2022-02-03 07:40:12
44,Marrakesh,31.6315,-8.0083,51.87,46,0,4.61,MA,2022-02-03 07:40:13
45,Hay River,60.8156,-115.7999,-27.42,75,20,5.75,CA,2022-02-03 07:37:24
46,Daru,-9.0763,143.2092,82.18,77,75,4.7,PG,2022-02-03 07:40:14
47,Bambous Virieux,-20.3428,57.7575,79.21,94,75,26.46,MU,2022-02-03 07:40:15
48,Pangai,-19.8,-174.35,81.03,78,14,13.62,TO,2022-02-03 07:40:16
49,Tabou,4.423,-7.3528,77.25,83,20,3.67,CI,2022-02-03 07:40:17
50,Puksoozero,62.5903,40.6066,12.15,93,100,2.21,RU,2022-02-03 07:40:17
51,Caranavi,-15.8167,-67.55,61.77,99,63,1.81,BO,2022-02-03 07:40:18
52,Rocha,-34.4833,-54.3333,66.09,98,100,5.88,UY,2022-02-03 07:40:19
53,Ocos,14.5094,-92.1933,75.0,81,1,5.66,GT,2022-02-03 07:40:20
54,Pevek,69.7008,170.3133,-7.96,76,0,4.32,RU,2022-02-03 07:40:21
55,Port Lincoln,-34.7333,135.8667,65.64,65,2,19.53,AU,2022-02-03 07:40:22
56,Katsuura,35.1333,140.3,52.11,44,84,2.13,JP,2022-02-03 07:40:23
57,Santa Maria,-29.6842,-53.8069,70.48,70,0,5.12,BR,2022-02-03 07:40:24
58,Bethel,41.3712,-73.414,39.51,92,100,0.0,US,2022-02-03 07:40:25
59,Port Alfred,-33.5906,26.891,73.44,86,99,10.92,ZA,2022-02-03 07:40:26
60,Vaini,-21.2,-175.2,78.96,94,40,2.3,TO,2022-02-03 07:40:27
61,Bengkulu,-3.8004,102.2655,85.62,62,83,5.93,ID,2022-02-03 07:39:55
62,Exeter,50.7236,-3.5275,46.72,94,75,1.14,GB,2022-02-03 07:40:28
63,Morro Bay,35.3658,-120.8499,52.25,49,0,8.39,US,2022-02-03 07:40:29
64,La Macarena,2.1837,-73.7849,71.74,58,96,2.06,CO,2022-02-03 07:40:29
65,Bredasdorp,-34.5322,20.0403,63.28,75,75,17.25,ZA,2022-02-03 07:39:58
66,Punta Arenas,-53.15,-70.9167,42.91,65,75,5.75,CL,2022-02-03 07:40:31
67,Sura,53.8879,45.7419,30.4,97,100,4.12,RU,2022-02-03 07:40:31
68,East London,-33.0153,27.9116,72.54,100,20,8.05,ZA,2022-02-03 07:40:32
69,Kruisfontein,-34.0033,24.7314,71.89,68,100,10.36,ZA,2022-02-03 07:40:33
70,Melfi,40.9965,15.6514,45.39,66,2,7.87,IT,2022-02-03 07:40:34
71,Avarua,-21.2078,-159.775,78.85,89,20,12.66,CK,2022-02-03 07:39:42
72,Qaanaaq,77.484,-69.3632,-12.82,74,99,8.12,GL,2022-02-03 07:40:35
73,Havre-Saint-Pierre,50.2334,-63.5986,30.79,100,100,9.22,CA,2022-02-03 07:40:36
74,Norman Wells,65.282,-126.8329,-30.96,68,40,3.44,CA,2022-02-03 07:40:37
75,Kyra,49.5776,111.9753,5.54,73,32,2.01,RU,2022-02-03 07:40:38
76,Billings,45.7833,-108.5007,5.36,77,0,0.0,US,2022-02-03 07:36:15
77,Oudtshoorn,-33.5907,22.2014,73.76,48,43,9.17,ZA,2022-02-03 07:40:39
78,Port Elizabeth,-33.918,25.5701,74.1,78,100,12.66,ZA,2022-02-03 07:40:40
79,Iqaluit,63.7506,-68.5145,5.7,84,100,11.99,CA,2022-02-03 07:40:40
80,Bathsheba,13.2167,-59.5167,77.61,73,20,13.8,BB,2022-02-03 07:40:41
81,Grandview,38.8858,-94.533,11.95,75,100,5.99,US,2022-02-03 07:40:00
82,Jalu,29.0331,21.5482,54.3,66,5,22.17,LY,2022-02-03 07:40:42
83,Cidreira,-30.1811,-50.2056,74.32,92,21,15.77,BR,2022-02-03 07:40:43
84,Prince Rupert,54.3161,-130.3201,39.29,100,100,4.61,CA,2022-02-03 07:37:15
85,Hovd,48.0056,91.6419,1.2,92,90,3.62,MN,2022-02-03 07:40:44
86,Codrington,-38.2667,141.9667,60.91,60,72,16.64,AU,2022-02-03 07:40:45
87,Wanning,18.8003,110.3967,68.29,77,66,14.09,CN,2022-02-03 07:40:46
88,Waingapu,-9.6567,120.2641,86.07,67,66,15.26,ID,2022-02-03 07:40:47
89,Alice Springs,-23.7,133.8833,76.55,47,100,14.97,AU,2022-02-03 07:40:48
90,Naze,28.3667,129.4833,56.32,83,100,21.18,JP,2022-02-03 07:40:49
91,Upernavik,72.7868,-56.1549,-8.21,63,100,7.99,GL,2022-02-03 07:40:50
92,New Norfolk,-42.7826,147.0587,63.66,47,71,4.0,AU,2022-02-03 07:40:15
93,Itarema,-2.9248,-39.9167,76.06,89,99,7.61,BR,2022-02-03 07:40:51
94,Sobolevo,54.4299,31.8996,24.04,96,98,5.61,RU,2022-02-03 07:40:51
95,Wattegama,6.7989,81.4808,88.72,34,2,2.8,LK,2022-02-03 07:40:52
96,Muisne,0.6,-80.0333,74.91,92,100,6.64,EC,2022-02-03 07:40:53
97,Jamestown,42.097,-79.2353,37.29,69,100,8.99,US,2022-02-03 07:38:31
98,Los Llanos De Aridane,28.6585,-17.9182,64.15,73,20,5.99,ES,2022-02-03 07:40:54
99,Mount Isa,-20.7333,139.5,83.97,61,100,16.11,AU,2022-02-03 07:40:55
100,Arraial Do Cabo,-22.9661,-42.0278,74.37,88,99,2.44,BR,2022-02-03 07:40:56
101,Ribeira Grande,38.5167,-28.7,55.8,82,20,9.22,PT,2022-02-03 07:40:57
102,Badou,7.5833,0.6,77.2,19,21,2.68,TG,2022-02-03 07:40:58
103,Tayzhina,53.6679,87.4362,13.66,87,98,0.85,RU,2022-02-03 07:40:59
104,Urzhum,57.1141,49.9996,20.75,93,100,2.13,RU,2022-02-03 07:41:00
105,Korla,41.7597,86.1469,32.83,35,98,8.12,CN,2022-02-03 07:41:01
106,Kuching,1.55,110.3333,89.82,66,40,6.91,MY,2022-02-03 07:41:02
107,Tazovskiy,67.4667,78.7,-11.42,97,50,12.57,RU,2022-02-03 07:41:03
108,At-Bashi,41.1702,75.8106,16.32,80,56,3.65,KG,2022-02-03 07:41:04
109,Chokurdakh,70.6333,147.9167,-26.54,97,84,5.73,RU,2022-02-03 07:41:05
110,Chuy,-33.6971,-53.4616,68.79,95,36,7.47,UY,2022-02-03 07:41:06
111,Yulara,-25.2406,130.9889,80.44,29,100,16.11,AU,2022-02-03 07:41:06
112,Magione,43.1439,12.2069,48.94,66,28,2.44,IT,2022-02-03 07:41:07
113,Coolum Beach,-26.5333,153.1,78.33,97,100,14.88,AU,2022-02-03 07:41:08
114,Bonavista,48.6499,-53.1147,30.11,75,8,20.94,CA,2022-02-03 07:41:09
115,Dinghai,26.2847,119.7936,49.12,86,100,10.83,CN,2022-02-03 07:41:10
116,Kisanga,-7.4362,37.7034,84.45,66,100,2.3,TZ,2022-02-03 07:41:11
117,Portales,34.1862,-103.3344,9.1,87,100,15.5,US,2022-02-03 07:36:17
118,Castro,-24.7911,-50.0119,60.48,99,74,4.41,BR,2022-02-03 07:41:12
119,Barrow,71.2906,-156.7887,-23.78,83,0,3.44,US,2022-02-03 07:41:13
120,Malanje,-9.5402,16.341,69.73,67,75,5.39,AO,2022-02-03 07:41:14
121,Tuktoyaktuk,69.4541,-133.0374,-13.59,97,100,10.51,CA,2022-02-03 07:37:13
122,Koslan,63.4564,48.8989,22.06,95,100,4.99,RU,2022-02-03 07:41:15
123,Kungurtug,50.5994,97.5228,7.34,82,71,1.14,RU,2022-02-03 07:41:16
124,Awjilah,29.1081,21.2869,54.18,66,6,23.06,LY,2022-02-03 07:41:17
125,Paithan,19.4833,75.3833,83.88,13,6,10.78,IN,2022-02-03 07:41:18
126,Tiksi,71.6872,128.8694,-5.15,96,95,7.27,RU,2022-02-03 07:41:19
127,Yingkou,40.6648,122.2283,21.67,48,0,9.1,CN,2022-02-03 07:41:19
128,Santona,43.4439,-3.4576,52.07,76,99,8.66,ES,2022-02-03 07:41:20
129,Mariinskiy Posad,56.115,47.718,22.14,92,100,1.63,RU,2022-02-03 07:41:21
130,Klaksvik,62.2266,-6.589,45.52,91,100,41.45,FO,2022-02-03 07:41:22
131,Kapaa,22.0752,-159.319,75.18,72,100,4.61,US,2022-02-03 07:38:52
132,Te Anau,-45.4167,167.7167,56.53,84,100,3.56,NZ,2022-02-03 07:41:23
133,Andenes,69.3143,16.1194,22.98,63,0,24.16,NO,2022-02-03 07:41:24
134,Topolobampo,25.6,-109.05,57.06,77,15,5.23,MX,2022-02-03 07:41:25
135,Sibolga,1.7427,98.7792,82.17,79,81,2.91,ID,2022-02-03 07:41:26
136,Thunder Bay,48.4001,-89.3168,-9.44,66,0,8.05,CA,2022-02-03 07:41:27
137,Santa Fe,-31.6333,-60.7,75.0,82,86,1.99,AR,2022-02-03 07:39:15
138,Longyearbyen,78.2186,15.6401,19.24,49,0,4.61,SJ,2022-02-03 07:41:28
139,Ntoum,0.3833,9.7833,78.57,85,99,2.95,GA,2022-02-03 07:41:29
140,Adet,11.2644,37.4888,70.57,44,100,6.69,ET,2022-02-03 07:41:29
141,Chara,56.9064,118.2631,-16.71,94,26,1.39,RU,2022-02-03 07:41:30
142,Maceio,-9.6658,-35.7353,76.44,88,20,1.14,BR,2022-02-03 07:41:31
143,Lima,-12.0432,-77.0282,67.39,52,40,12.66,PE,2022-02-03 07:39:27
144,Qorveh,35.1664,47.8045,34.16,68,100,2.13,IR,2022-02-03 07:41:32
145,Benghazi,32.1167,20.0667,57.79,52,44,31.56,LY,2022-02-03 07:41:33
146,Faanui,-16.4833,-151.75,80.71,77,14,19.86,PF,2022-02-03 07:41:34
147,Belaya Gora,68.5333,146.4167,-29.42,100,35,1.23,RU,2022-02-03 07:41:35
148,Ostrovnoy,68.0531,39.5131,19.96,87,100,13.76,RU,2022-02-03 07:41:36
149,Tanabe,33.7333,135.3667,47.93,41,75,5.99,JP,2022-02-03 07:41:37
150,Diban,35.0365,40.5167,56.8,34,45,19.3,SY,2022-02-03 07:41:38
151,Provideniya,64.3833,-173.3,2.23,69,98,24.85,RU,2022-02-03 07:41:39
152,Talaya,61.3833,152.75,-25.47,100,95,3.87,RU,2022-02-03 07:41:40
153,Noumea,-22.2763,166.4572,82.38,71,0,3.53,NC,2022-02-03 07:38:25
154,Krasnoselkup,65.7,82.4667,-3.44,93,24,12.68,RU,2022-02-03 07:41:41
155,Correntina,-13.3433,-44.6367,67.68,94,43,0.47,BR,2022-02-03 07:41:42
156,Svarstad,59.399,9.9698,28.81,44,100,2.35,NO,2022-02-03 07:41:43
157,Visnes,59.3556,5.2242,41.83,93,75,14.97,NO,2022-02-03 07:41:44
158,Nome,64.5011,-165.4064,8.67,62,0,33.38,US,2022-02-03 07:41:45
159,Sitka,57.0531,-135.33,37.29,93,100,5.75,US,2022-02-03 07:39:24
160,Lagoa,39.05,-27.9833,57.34,74,9,9.86,PT,2022-02-03 07:41:46
161,Alihe,50.5667,123.7167,6.4,69,13,4.03,CN,2022-02-03 07:41:47
162,Kenai,60.5544,-151.2583,21.15,80,0,9.22,US,2022-02-03 07:41:48
163,Oranjemund,-28.55,16.4333,70.83,73,80,6.8,NA,2022-02-03 07:41:04
164,Camalu,30.85,-116.0667,50.41,43,0,6.31,MX,2022-02-03 07:41:49
165,Gusinoye Ozero,51.1144,106.2614,11.25,85,59,1.95,RU,2022-02-03 07:41:50
166,Huarmey,-10.0681,-78.1522,70.03,83,91,8.05,PE,2022-02-03 07:41:51
167,Atuona,-9.8,-139.0333,78.6,76,96,17.85,PF,2022-02-03 07:41:52
168,Nishihara,26.1842,127.7558,63.68,97,100,12.66,JP,2022-02-03 07:41:53
169,Sobradinho,-12.8333,-39.1,70.47,96,49,1.45,BR,2022-02-03 07:41:53
170,Arman,59.7,150.1667,4.86,78,100,11.61,RU,2022-02-03 07:41:54
171,San Patricio,28.017,-97.5169,51.78,85,100,19.24,US,2022-02-03 07:41:55
172,Mega,4.05,38.3,74.03,33,83,22.03,ET,2022-02-03 07:41:56
173,Peleduy,59.6289,112.7406,4.14,94,100,7.58,RU,2022-02-03 07:41:57
174,Mombaca,-5.7431,-39.6275,69.37,89,89,1.01,BR,2022-02-03 07:41:58
175,Barabash,43.2,131.4833,19.08,49,100,5.44,RU,2022-02-03 07:41:59
176,Luang Prabang,19.8856,102.1347,85.96,37,40,0.0,LA,2022-02-03 07:42:00
177,Kavaratti,10.5669,72.642,80.1,69,19,7.09,IN,2022-02-03 07:38:28
178,Roma,43.2128,-75.4557,41.13,93,100,8.05,US,2022-02-03 07:42:01
179,Ponta Do Sol,32.6667,-17.1,67.12,65,100,14.74,PT,2022-02-03 07:42:02
180,Keningau,5.3378,116.1602,86.45,57,77,2.48,MY,2022-02-03 07:42:03
181,Pasighat,28.0667,95.3333,69.51,43,66,4.14,IN,2022-02-03 07:42:04
182,Yerbogachen,61.2767,108.0108,4.59,95,100,6.42,RU,2022-02-03 07:42:05
183,Cherskiy,68.75,161.3,-21.87,89,92,0.36,RU,2022-02-03 07:42:06
184,Bud,39.447,-86.1758,30.15,94,100,15.08,US,2022-02-03 07:42:07
185,Guerrero Negro,27.9769,-114.0611,55.17,31,0,4.65,MX,2022-02-03 07:41:15
186,Ugoofaaru,5.6667,73.0,81.54,70,22,4.85,MV,2022-02-03 07:42:08
187,Kodiak,57.79,-152.4072,38.71,87,100,11.5,US,2022-02-03 07:39:30
188,Kosa,59.9445,54.9977,19.04,92,100,5.48,RU,2022-02-03 07:42:09
189,Leh,34.1667,77.5833,17.33,86,100,1.92,IN,2022-02-03 07:42:10
190,Nabire,-3.3667,135.4833,81.45,82,100,2.8,ID,2022-02-03 07:42:11
191,Ballina,-28.8667,153.5667,71.56,96,100,17.27,AU,2022-02-03 07:42:12
192,Rock Springs,41.5875,-109.2029,4.44,56,0,3.0,US,2022-02-03 07:38:05
193,Bethanien,-26.502,17.1583,75.24,48,0,4.03,NA,2022-02-03 07:42:13
194,Abu Dhabi,24.4667,54.3667,75.31,63,0,11.5,AE,2022-02-03 07:38:07
195,Altay,47.8667,88.1167,14.18,82,7,1.23,CN,2022-02-03 07:42:13
196,Nizhniy Kuranakh,58.8353,125.4869,-5.37,97,100,5.19,RU,2022-02-03 07:42:14
197,Cabo San Lucas,22.8909,-109.9124,70.52,70,100,5.97,MX,2022-02-03 07:39:55
198,Baracoa,20.3467,-74.4958,73.4,89,94,12.41,CU,2022-02-03 07:42:15
199,Dawlatabad,36.4141,64.9053,53.96,39,0,12.68,AF,2022-02-03 07:42:16
200,Dingle,10.9995,122.6711,81.79,75,100,13.2,PH,2022-02-03 07:42:17
201,Asau,46.4333,26.4,35.76,84,95,2.98,RO,2022-02-03 07:42:18
202,Kobelyaky,49.1489,34.1965,32.54,98,100,2.68,UA,2022-02-03 07:42:19
203,Saint-Philippe,-21.3585,55.7679,80.15,96,100,34.47,RE,2022-02-03 07:42:20
204,Grand Gaube,-20.0064,57.6608,79.38,90,100,17.0,MU,2022-02-03 07:42:21
205,Atar,20.5169,-13.0499,66.2,21,0,7.83,MR,2022-02-03 07:42:21
206,Bandarbeyla,9.4942,50.8122,79.45,58,12,19.71,SO,2022-02-03 07:39:59
207,Thinadhoo,0.5333,72.9333,82.49,69,5,4.76,MV,2022-02-03 07:42:22
208,Henties Bay,-22.116,14.2845,70.86,70,0,3.85,NA,2022-02-03 07:42:23
209,Nemuro,43.3236,145.575,23.43,76,91,8.48,JP,2022-02-03 07:42:24
210,Yaan,7.3833,8.5667,81.32,11,33,9.71,NG,2022-02-03 07:38:25
211,Oktyabrskiy,54.4815,53.471,30.81,96,100,15.3,RU,2022-02-03 07:42:25
212,Hokitika,-42.7167,170.9667,65.46,99,100,9.08,NZ,2022-02-03 07:42:26
213,Nanortalik,60.1432,-45.2371,26.08,88,100,5.35,GL,2022-02-03 07:42:27
214,Gizo,-8.103,156.8419,80.62,80,100,9.71,SB,2022-02-03 07:40:13
215,Sokolskoye,57.1412,43.1589,12.67,98,97,4.94,RU,2022-02-03 07:42:28
216,Ramanuj Ganj,23.8,83.7,84.24,18,0,4.43,IN,2022-02-03 07:42:29
217,Hithadhoo,-0.6,73.0833,81.9,69,51,1.86,MV,2022-02-03 07:41:27
218,Xacmaz,41.4635,48.806,49.01,59,72,4.47,AZ,2022-02-03 07:42:30
219,Chimbote,-9.0853,-78.5783,68.56,88,99,5.64,PE,2022-02-03 07:42:31
220,Bauta,22.9828,-82.5464,67.98,94,20,5.75,CU,2022-02-03 07:42:32
221,Maracana,-0.7667,-47.45,73.63,95,100,0.65,BR,2022-02-03 07:42:33
222,Mildura,-34.2,142.15,80.08,22,0,14.97,AU,2022-02-03 07:42:34
223,North Battleford,52.7834,-108.2847,-14.6,76,0,12.66,CA,2022-02-03 07:42:35
224,Karasjok,69.4719,25.5112,3.31,99,100,2.95,NO,2022-02-03 07:42:35
225,Fare,-16.7,-151.0167,80.67,77,8,20.29,PF,2022-02-03 07:42:36
226,Kutum,14.2,24.6667,71.76,14,2,10.54,SD,2022-02-03 07:42:37
227,Nikolskoye,59.7035,30.7861,17.49,96,93,1.23,RU,2022-02-03 07:41:19
228,Hambantota,6.1241,81.1185,89.94,58,20,4.61,LK,2022-02-03 07:42:38
229,Anadyr,64.75,177.4833,14.5,67,55,26.84,RU,2022-02-03 07:42:39
230,Tubinskiy,52.8892,58.2225,15.94,96,100,10.85,RU,2022-02-03 07:42:40
231,Airai,-8.9266,125.4092,68.63,75,75,3.85,TL,2022-02-03 07:42:41
232,Taltal,-25.4,-70.4833,64.6,81,9,0.83,CL,2022-02-03 07:42:42
233,Forestville,38.8451,-76.875,43.2,92,100,5.75,US,2022-02-03 07:40:10
234,Lata,40.1629,-8.3327,43.05,73,100,2.04,PT,2022-02-03 07:42:43
235,Saskylakh,71.9167,114.0833,-33.11,100,16,2.1,RU,2022-02-03 07:42:44
236,Christchurch,-43.5333,172.6333,63.91,86,100,4.0,NZ,2022-02-03 07:38:23
237,Tasiilaq,65.6145,-37.6368,14.16,60,55,7.72,GL,2022-02-03 07:42:45
238,Padang,-0.9492,100.3543,86.05,77,84,3.85,ID,2022-02-03 07:41:12
239,Inuvik,68.3499,-133.7218,-15.59,76,100,2.3,CA,2022-02-03 07:42:46
240,Alofi,-19.0595,-169.9187,76.89,83,55,4.61,NU,2022-02-03 07:42:47
241,Hjelset,62.7833,7.4833,32.04,80,0,6.91,NO,2022-02-03 07:42:48
242,Dalby,-27.1833,151.2667,70.99,93,100,4.0,AU,2022-02-03 07:42:49
243,Port Said,31.2565,32.2841,55.38,62,0,11.5,EG,2022-02-03 07:42:49
244,Vila Velha,-20.3297,-40.2925,75.15,96,100,0.0,BR,2022-02-03 07:42:50
245,Hajnowka,52.7433,23.5812,28.02,87,73,3.0,PL,2022-02-03 07:42:50
246,Puerto Boyaca,5.9758,-74.5885,70.32,98,74,1.05,CO,2022-02-03 07:42:51
247,Pacific Grove,36.6177,-121.9166,52.63,39,0,3.44,US,2022-02-03 07:42:52
248,Cururupu,-1.8283,-44.8683,75.69,91,100,2.57,BR,2022-02-03 07:42:53
249,Vagur,61.4732,-6.8119,46.38,87,100,42.95,FO,2022-02-03 07:42:54
250,Katangli,51.7102,143.2326,6.89,94,100,19.62,RU,2022-02-03 07:42:55
251,Okhotsk,59.3833,143.3,13.73,77,100,13.18,RU,2022-02-03 07:40:08
252,Ossora,59.2353,163.0719,11.41,76,100,11.88,RU,2022-02-03 07:42:56
253,Tual,-5.6667,132.75,83.48,71,100,12.33,ID,2022-02-03 07:42:56
254,Morehead,37.2711,-87.1764,32.14,96,100,1.01,US,2022-02-03 07:42:57
255,Fort Nelson,58.8053,-122.7002,-9.81,70,100,9.22,CA,2022-02-03 07:42:58
256,Coahuayana,18.7333,-103.6833,64.0,72,0,4.7,MX,2022-02-03 07:42:59
257,San Angelo,31.4638,-100.437,23.95,88,100,5.01,US,2022-02-03 07:40:56
258,Eyl,7.9803,49.8164,82.65,50,22,22.5,SO,2022-02-03 07:43:00
259,Talnakh,69.4865,88.3972,-9.38,98,98,6.91,RU,2022-02-03 07:43:01
260,Sovetskiy,61.3614,63.5842,19.36,93,100,7.85,RU,2022-02-03 07:43:02
261,Chiredzi,-21.05,31.6667,93.51,36,5,3.4,ZW,2022-02-03 07:43:03
262,Mount Gambier,-37.8333,140.7667,60.71,63,100,18.41,AU,2022-02-03 07:43:04
263,Lebu,-37.6167,-73.65,56.8,95,15,8.81,CL,2022-02-03 07:43:05
264,Yatou,37.15,122.3833,34.86,40,3,5.06,CN,2022-02-03 07:43:06
265,Iquitos,-3.7481,-73.2472,75.24,100,75,2.3,PE,2022-02-03 07:43:07
266,Flinders,-34.5833,150.8552,71.2,62,74,17.92,AU,2022-02-03 07:43:08
267,Yola,9.2,12.4833,76.93,19,1,3.94,NG,2022-02-03 07:43:09
268,Husavik,66.0449,-17.3389,6.71,91,100,8.77,IS,2022-02-03 07:43:09
269,Sao Joao Da Barra,-21.6403,-41.0511,72.16,95,100,5.82,BR,2022-02-03 07:43:10
270,Khatanga,71.9667,102.5,-33.7,99,24,1.12,RU,2022-02-03 07:43:10
271,Ishim,56.1128,69.4902,21.07,94,83,9.31,RU,2022-02-03 07:43:11
272,Kathu,7.9178,98.3332,91.22,73,42,6.67,TH,2022-02-03 07:43:12
273,Westport,41.1415,-73.3579,40.91,96,100,1.01,US,2022-02-03 07:43:12
274,Evensk,61.95,159.2333,21.2,37,4,29.59,RU,2022-02-03 07:43:13
275,Hervey Bay,-25.2986,152.8535,82.51,94,99,11.56,AU,2022-02-03 07:43:14
276,Vanavara,60.34,102.2797,11.8,94,100,4.41,RU,2022-02-03 07:43:15
277,Hami,42.8,93.45,30.18,32,100,4.05,CN,2022-02-03 07:43:16
278,Sol-Iletsk,51.1631,54.9918,28.02,91,100,14.38,RU,2022-02-03 07:43:17
279,Chavakkad,10.5333,76.05,89.67,69,18,12.15,IN,2022-02-03 07:43:18
280,Pauini,-7.7136,-66.9764,70.95,99,97,2.46,BR,2022-02-03 07:43:18
281,Georgetown,5.4112,100.3354,93.13,69,40,7.0,MY,2022-02-03 07:43:19
282,Yakeshi,49.2833,120.7333,-10.25,95,59,6.08,CN,2022-02-03 07:43:20
283,San Cristobal,7.7669,-72.225,63.45,69,44,1.72,VE,2022-02-03 07:43:21
284,Paraiso,9.8383,-83.8656,59.86,85,5,2.89,CR,2022-02-03 07:43:22
285,Bogovarovo,58.9785,47.0246,14.04,96,100,4.7,RU,2022-02-03 07:43:23
286,Seymchan,62.8833,152.4333,-23.85,97,20,4.65,RU,2022-02-03 07:43:24
287,Smiths Falls,44.9001,-76.0161,32.4,96,100,10.6,CA,2022-02-03 07:43:25
288,Aasiaat,68.7098,-52.8699,-1.75,75,100,18.63,GL,2022-02-03 07:43:26
289,Manvi,15.9833,77.05,90.0,26,70,8.52,IN,2022-02-03 07:43:27
290,Narsaq,60.9167,-46.05,23.22,93,100,12.01,GL,2022-02-03 07:43:28
291,Bilma,18.6853,12.9164,54.79,29,0,18.57,NE,2022-02-03 07:43:28
292,Kortkeros,61.8106,51.5806,24.8,93,100,6.76,RU,2022-02-03 07:43:29
293,Buraydah,26.326,43.975,63.05,22,0,18.19,SA,2022-02-03 07:39:57
294,Mastic Beach,40.7668,-72.8521,41.13,96,100,3.0,US,2022-02-03 07:43:30
295,Teya,60.3778,92.6267,16.83,89,99,8.97,RU,2022-02-03 07:43:31
296,Matay,28.419,30.7792,60.75,34,0,14.85,EG,2022-02-03 07:43:32
297,Marawi,7.9986,124.2928,72.64,88,100,4.16,PH,2022-02-03 07:41:35
298,Koumac,-20.5667,164.2833,81.77,71,92,1.23,NC,2022-02-03 07:43:33
299,Harwich,51.9419,1.2844,46.56,85,100,7.0,GB,2022-02-03 07:43:34
300,La Rochelle,46.1667,-1.15,42.87,93,100,5.75,FR,2022-02-03 07:43:35
301,San Juan,-31.5375,-68.5364,77.13,42,9,3.67,AR,2022-02-03 07:39:50
302,Buba,11.5833,-15.0,70.29,94,46,1.99,GW,2022-02-03 07:43:36
303,Iracoubo,5.4802,-53.2011,75.63,87,94,8.37,GF,2022-02-03 07:43:37
304,La Asuncion,11.0333,-63.8628,76.73,94,4,13.8,VE,2022-02-03 07:43:38
305,Broome,42.2506,-75.833,40.84,75,100,1.01,US,2022-02-03 07:43:39
306,Saint-Pierre,-21.3393,55.4781,80.24,94,75,44.87,RE,2022-02-03 07:43:40
307,Viedma,-40.8135,-62.9967,68.83,48,23,7.36,AR,2022-02-03 07:43:41
308,San Miguelito,9.0333,-79.5,77.92,83,75,1.99,PA,2022-02-03 07:43:42
309,Nelson Bay,-32.7167,152.15,71.29,90,72,3.0,AU,2022-02-03 07:43:43
310,Taoudenni,22.6783,-3.9836,59.14,32,16,13.4,ML,2022-02-03 07:43:44
311,Kondinskoye,59.6481,67.41,17.13,92,87,9.31,RU,2022-02-03 07:43:45
312,Constitucion,-35.3333,-72.4167,55.27,89,41,3.56,CL,2022-02-03 07:40:56
313,Rawson,-43.3002,-65.1023,68.81,49,3,12.82,AR,2022-02-03 07:41:08
314,Bodden Town,19.2833,-81.25,75.99,77,0,1.99,KY,2022-02-03 07:43:46
315,Kirakira,-10.4544,161.9205,78.28,91,100,8.5,SB,2022-02-03 07:39:25
316,Gwadar,25.1216,62.3254,74.93,25,0,13.71,PK,2022-02-03 07:43:47
317,Churapcha,62.0025,132.4325,-18.22,91,100,4.97,RU,2022-02-03 07:43:48
318,Urusha,54.05,122.9,-0.89,73,15,5.77,RU,2022-02-03 07:43:49
319,Geraldton,-28.7667,114.6,108.01,10,0,13.8,AU,2022-02-03 07:43:50
320,Port Blair,11.6667,92.75,84.24,58,20,6.91,IN,2022-02-03 07:42:23
321,Clarence Town,-32.5833,151.7833,71.15,73,18,11.72,AU,2022-02-03 07:40:58
322,Caudebec-Les-Elbeuf,49.2808,1.022,44.67,85,100,10.36,FR,2022-02-03 07:43:51
323,Russell,32.3502,-85.1999,61.12,86,100,6.91,US,2022-02-03 07:43:52
324,San Antonio,29.4241,-98.4936,40.19,92,100,3.0,US,2022-02-03 07:40:12
325,Magistralnyy,56.1725,107.4458,5.72,92,99,2.66,RU,2022-02-03 07:43:53
326,Zyryanka,65.75,150.85,-23.01,95,15,8.88,RU,2022-02-03 07:43:54
327,Tabuk,17.4189,121.4443,80.83,69,11,1.92,PH,2022-02-03 07:43:55
328,Luderitz,-26.6481,15.1594,71.11,70,0,4.34,NA,2022-02-03 07:43:56
329,Mizdah,31.4451,12.9801,50.54,69,29,18.52,LY,2022-02-03 07:43:57
330,Karpinsk,59.7654,60.0085,22.24,92,100,5.7,RU,2022-02-03 07:43:58
331,Saint George,37.1041,-113.5841,34.39,30,0,1.99,US,2022-02-03 07:39:17
332,Verkhoyansk,67.5447,133.385,-33.14,100,97,1.52,RU,2022-02-03 07:43:59
333,Okha,53.5739,142.9478,5.11,93,100,24.2,RU,2022-02-03 07:40:00
334,Rawah,34.4816,41.9093,56.26,36,54,16.49,IQ,2022-02-03 07:44:00
335,Copiapo,-27.3667,-70.3333,62.55,76,0,0.74,CL,2022-02-03 07:44:01
336,Juba,4.8517,31.5825,90.97,18,100,7.2,SS,2022-02-03 07:44:01
337,Caceres,39.522,-6.3748,38.8,80,100,2.13,ES,2022-02-03 07:44:02
338,Phan Thiet,10.9333,108.1,85.89,59,0,18.59,VN,2022-02-03 07:40:54
339,Saldanha,-33.0117,17.9442,66.25,77,48,10.94,ZA,2022-02-03 07:44:03
340,Byron Bay,-28.65,153.6167,71.55,92,100,18.68,AU,2022-02-03 07:39:57
341,Kieta,-6.2167,155.6333,80.65,86,100,12.66,PG,2022-02-03 07:44:04
342,Taybad,34.74,60.7756,49.42,35,0,3.56,IR,2022-02-03 07:44:05
343,Ancud,-41.8697,-73.8203,53.42,92,72,2.26,CL,2022-02-03 07:44:06
344,Nieuw Nickerie,5.95,-56.9833,76.33,82,6,10.29,SR,2022-02-03 07:44:07
345,Poltava,49.5937,34.5407,31.77,98,100,2.01,UA,2022-02-03 07:44:08
346,Torbay,47.6666,-52.7314,27.75,86,75,12.66,CA,2022-02-03 07:44:09
347,Ahipara,-35.1667,173.1667,68.47,89,76,11.1,NZ,2022-02-03 07:44:10
348,Labuan,5.2767,115.2417,86.36,66,20,8.01,MY,2022-02-03 07:44:11
349,Bako,5.7833,36.5667,82.04,33,99,2.66,ET,2022-02-03 07:44:11
350,Lac Du Bonnet,50.2536,-96.0612,-34.98,100,51,3.94,CA,2022-02-03 07:44:12
351,Mahon,39.8885,4.2658,48.76,81,0,4.61,ES,2022-02-03 07:44:13
352,Tikapur,28.5,81.1333,72.86,33,99,15.46,NP,2022-02-03 07:44:14
353,Thompson,55.7435,-97.8558,-20.04,76,0,9.22,CA,2022-02-03 07:44:15
354,San Joaquin,37.9333,-121.3011,54.18,61,0,6.91,US,2022-02-03 07:44:16
355,Lorengau,-2.0226,147.2712,80.13,79,100,7.72,PG,2022-02-03 07:44:17
356,Shugurovo,54.5083,52.1326,31.33,97,100,12.44,RU,2022-02-03 07:44:18
357,Bestobe,52.4994,73.0975,18.45,84,82,7.72,KZ,2022-02-03 07:44:19
358,Santiago De Chuco,-8.15,-78.1833,50.58,90,100,1.32,PE,2022-02-03 07:44:20
359,Pendleton,45.6721,-118.7886,39.09,88,100,6.91,US,2022-02-03 07:42:11
360,Touros,-5.1989,-35.4608,76.1,77,99,10.94,BR,2022-02-03 07:44:21
361,Nowy Dwor Mazowiecki,52.4302,20.7165,32.41,89,75,13.8,PL,2022-02-03 07:44:22
362,Salalah,17.0151,54.0924,86.09,21,0,18.41,OM,2022-02-03 07:44:23
363,Mackay,-21.15,149.2,82.69,83,40,6.91,AU,2022-02-03 07:44:24
364,Kabare,-2.4683,28.8242,69.51,81,100,1.72,CD,2022-02-03 07:44:24
365,Pisco,-13.7,-76.2167,68.05,77,0,4.61,PE,2022-02-03 07:44:25
366,Poum,-20.2333,164.0167,82.87,71,84,6.08,NC,2022-02-03 07:44:26
367,Kalmar,56.6616,16.3616,30.96,97,75,4.61,SE,2022-02-03 07:44:27
368,Kadhan,24.481,68.9859,81.14,13,0,11.95,PK,2022-02-03 07:44:28
369,Vao,-22.6667,167.4833,79.88,80,0,6.62,NC,2022-02-03 07:44:28
370,Tawau,4.2498,117.8871,87.93,70,78,8.01,MY,2022-02-03 07:44:29
371,Lower Hutt,-41.2167,174.9167,72.01,78,75,20.71,NZ,2022-02-03 07:44:30
372,Khuzdar,27.7384,66.6434,61.7,9,0,22.03,PK,2022-02-03 07:44:31
373,Kalmunai,7.4167,81.8167,82.92,59,4,6.26,LK,2022-02-03 07:44:32
374,Apango,17.7333,-99.3333,62.26,81,2,6.71,MX,2022-02-03 07:44:33
375,Petropavlovsk-Kamchatskiy,53.0452,158.6483,27.19,69,75,4.47,RU,2022-02-03 07:44:34
376,Aqtobe,50.2797,57.2072,19.49,73,100,15.66,KZ,2022-02-03 07:44:35
377,Lantawan,10.6167,123.9833,85.69,71,69,9.62,PH,2022-02-03 07:44:36
378,Tadpatri,14.9167,78.0167,89.92,29,5,5.08,IN,2022-02-03 07:44:37
379,Malakal,9.5334,31.6605,86.63,15,100,9.98,SS,2022-02-03 07:44:38
380,Nambour,-26.6333,152.95,78.1,97,100,1.01,AU,2022-02-03 07:44:39
381,Clyde River,70.4692,-68.5914,-14.57,76,100,19.57,CA,2022-02-03 07:44:40
382,Kattivakkam,13.2167,80.3167,87.89,64,5,8.88,IN,2022-02-03 07:44:40
383,Kikwit,-5.041,18.8162,74.07,91,100,2.84,CD,2022-02-03 07:44:41
384,Rio Grande,-32.035,-52.0986,73.85,86,6,14.29,BR,2022-02-03 07:44:42
385,Erenhot,43.6475,111.9767,7.52,73,5,6.58,CN,2022-02-03 07:44:43
386,Quatre Cocos,-20.2078,57.7625,79.09,91,100,23.67,MU,2022-02-03 07:44:44
387,Abbeville,50.1,1.8333,46.36,85,100,10.94,FR,2022-02-03 07:44:44
388,Liuli,-11.0833,34.6333,80.47,71,52,3.36,TZ,2022-02-03 07:44:45
389,Rovaniemi,66.5,25.7167,8.01,85,100,6.91,FI,2022-02-03 07:40:44
390,Katy,29.7858,-95.8244,50.56,94,100,7.0,US,2022-02-03 07:44:46
391,Pinega,64.7001,43.3936,11.07,95,98,0.25,RU,2022-02-03 07:44:47
392,Narasannapeta,18.4167,84.05,81.14,55,11,12.64,IN,2022-02-03 07:44:48
393,Sangar,63.9242,127.4739,-29.88,100,52,2.64,RU,2022-02-03 07:44:49
394,Pangkalanbuun,-2.6833,111.6167,84.87,72,100,2.93,ID,2022-02-03 07:44:50
395,San Francisco,37.7749,-122.4194,56.34,48,0,3.0,US,2022-02-03 07:42:48
396,North Augusta,33.5018,-81.9651,57.36,90,0,4.61,US,2022-02-03 07:44:51
397,Masvingo,-20.0637,30.8277,84.09,49,6,2.98,ZW,2022-02-03 07:44:52
398,Auki,-8.7676,160.7034,77.99,89,100,7.23,SB,2022-02-03 07:44:53
399,Phek,25.6667,94.5,56.19,41,41,2.57,IN,2022-02-03 07:44:54
400,Monrovia,6.3005,-10.7969,73.17,85,61,3.56,LR,2022-02-03 07:44:55
401,Nuevo Progreso,23.1667,-97.95,73.6,81,57,5.1,MX,2022-02-03 07:44:56
402,San Pedro,14.35,121.0167,85.23,67,75,4.61,PH,2022-02-03 07:44:56
403,La Baneza,42.3003,-5.8977,46.08,73,100,2.1,ES,2022-02-03 07:44:57
404,Burnie,-41.0667,145.9167,71.92,53,18,9.73,AU,2022-02-03 07:44:58
405,Berezovyy,51.6667,135.7,-1.46,99,92,0.38,RU,2022-02-03 07:44:59
406,Coquimbo,-29.9533,-71.3436,60.53,88,0,2.3,CL,2022-02-03 07:45:00
407,Saint-Louis,16.3333,-15.0,71.02,17,0,10.98,SN,2022-02-03 07:45:01
408,Sandwick,60.0,-1.25,46.22,93,75,20.71,GB,2022-02-03 07:45:02
409,Caravelas,-17.7125,-39.2481,73.44,92,97,2.17,BR,2022-02-03 07:45:03
410,Juneau,58.3019,-134.4197,26.83,89,100,5.75,US,2022-02-03 07:45:04
411,Vardo,70.3705,31.1107,28.38,74,75,11.5,NO,2022-02-03 07:45:05
412,Lasa,46.6166,10.7002,38.66,87,63,6.08,IT,2022-02-03 07:45:06
413,Lavrentiya,65.5833,-171.0,0.45,63,27,22.48,RU,2022-02-03 07:45:06
414,Hasaki,35.7333,140.8333,52.2,39,41,3.47,JP,2022-02-03 07:45:07
415,Alabaster,33.2443,-86.8164,57.13,97,100,3.0,US,2022-02-03 07:45:08
416,Faya,18.3851,42.4509,64.92,43,96,4.45,SA,2022-02-03 07:45:09
417,Galesong,-5.3166,119.3661,73.42,77,100,10.36,ID,2022-02-03 07:45:10
418,Gushikawa,26.3544,127.8686,63.63,95,75,13.8,JP,2022-02-03 07:45:11
419,Sinnamary,5.3833,-52.95,75.56,88,81,8.21,GF,2022-02-03 07:45:12
420,Namibe,-15.1961,12.1522,75.38,59,8,7.47,AO,2022-02-03 07:45:13
421,Najran,17.4924,44.1277,65.05,25,100,6.08,SA,2022-02-03 07:45:14
422,Vallenar,-28.5708,-70.7581,63.52,70,0,1.95,CL,2022-02-03 07:45:15
423,Mnogovershinnyy,53.9353,139.9242,-2.74,97,100,6.38,RU,2022-02-03 07:45:16
424,Anton Lizardo,19.05,-95.9833,71.22,79,0,11.16,MX,2022-02-03 07:45:17
425,Riyadh,24.6877,46.7219,64.54,27,0,4.61,SA,2022-02-03 07:41:44
426,Clifton,40.8584,-74.1638,41.72,94,100,0.0,US,2022-02-03 07:43:34
427,Barra Dos Coqueiros,-10.9089,-37.0386,80.62,78,20,5.75,BR,2022-02-03 07:44:50
428,Derzhavinsk,51.1,66.3167,19.9,83,87,6.55,KZ,2022-02-03 07:45:19
429,Yaviza,8.1537,-77.6931,71.22,98,95,0.65,PA,2022-02-03 07:45:19
430,Ansalta,42.6894,46.1178,46.31,43,13,6.04,RU,2022-02-03 07:45:20
431,Belize,17.25,-88.75,77.25,98,70,3.11,BZ,2022-02-03 07:45:21
432,Tamiahua,21.2667,-97.45,70.63,95,20,0.51,MX,2022-02-03 07:45:22
433,San Vicente,-26.6167,-54.1333,66.06,90,73,2.73,AR,2022-02-03 07:45:23
434,Botevgrad,42.9,23.7833,39.33,75,85,6.93,BG,2022-02-03 07:45:24
435,Skjervoy,70.0311,20.9714,24.98,68,100,21.03,NO,2022-02-03 07:45:25
436,Toucheng,24.8592,121.8233,61.63,92,100,8.63,TW,2022-02-03 07:45:26
437,Cairns,-16.9167,145.7667,87.75,72,100,1.14,AU,2022-02-03 07:45:27
438,Mar Del Plata,-38.0023,-57.5575,73.09,83,100,1.99,AR,2022-02-03 07:45:28
439,Tselina,46.5338,41.0328,42.19,78,100,8.93,RU,2022-02-03 07:45:29
440,Tucurui,-3.7661,-49.6725,71.13,98,100,2.51,BR,2022-02-03 07:45:29
441,Cap Malheureux,-19.9842,57.6142,79.47,90,100,18.01,MU,2022-02-03 07:45:30
442,Necochea,-38.5473,-58.7368,64.04,82,100,9.37,AR,2022-02-03 07:45:03
443,Rongcheng,30.634,117.8517,36.16,98,100,3.2,CN,2022-02-03 07:45:31
444,Vilhena,-12.7406,-60.1458,67.55,98,91,2.28,BR,2022-02-03 07:45:32
445,Xingyi,24.1877,102.817,59.68,40,13,15.77,CN,2022-02-03 07:45:33
446,Alcaniz,41.05,-0.1333,49.75,36,33,2.89,ES,2022-02-03 07:43:32
447,Borba,-4.3878,-59.5939,73.08,99,100,1.25,BR,2022-02-03 07:45:34
448,Shu,43.5983,73.7614,38.23,72,86,6.17,KZ,2022-02-03 07:45:35
449,Nantucket,41.2835,-70.0995,42.85,98,100,4.61,US,2022-02-03 07:44:00
450,Loandjili,-4.7561,11.8578,78.91,78,20,2.3,CG,2022-02-03 07:45:37
451,Camapua,-19.5314,-54.0439,70.47,97,100,3.06,BR,2022-02-03 07:45:37
452,Pakhtakoron,40.1571,68.7466,51.4,40,2,7.96,TJ,2022-02-03 07:45:38
453,Roald,62.5833,6.1333,36.52,64,75,16.11,NO,2022-02-03 07:45:39
454,Comodoro Rivadavia,-45.8667,-67.5,69.66,46,0,12.66,AR,2022-02-03 07:45:40
455,Aguas Formosas,-17.0822,-40.9358,70.57,99,100,1.61,BR,2022-02-03 07:45:41
456,Ciudad Bolivar,8.1222,-63.5497,74.37,83,6,9.6,VE,2022-02-03 07:45:42
457,Teavaro,-17.5,-149.7667,81.46,65,20,4.61,PF,2022-02-03 07:45:43
458,Sidrolandia,-20.9319,-54.9614,74.19,97,100,5.06,BR,2022-02-03 07:45:44
459,Guadalupe,25.6833,-100.25,63.36,86,52,6.29,MX,2022-02-03 07:41:05
460,Tena,-0.9833,-77.8167,67.91,86,50,3.69,EC,2022-02-03 07:45:44
461,Banyo,6.75,11.8167,77.74,20,20,2.57,CM,2022-02-03 07:45:45
462,Lixourion,38.2019,20.4314,48.2,49,20,9.22,GR,2022-02-03 07:45:46
463,Mansehra,34.3333,73.2,50.77,58,87,4.12,PK,2022-02-03 07:45:47
464,Havoysund,70.9963,24.6622,16.68,81,100,12.01,NO,2022-02-03 07:45:48
465,Svolvaer,68.2342,14.5683,26.78,58,20,16.11,NO,2022-02-03 07:45:49
466,Kokopo,-4.352,152.2633,78.19,84,100,14.52,PG,2022-02-03 07:45:50
467,Wamba,8.9333,8.6,79.38,16,20,1.5,NG,2022-02-03 07:45:51
468,Nuuk,64.1835,-51.7216,21.81,79,100,11.5,GL,2022-02-03 07:45:52
469,Cuajinicuilapa,16.4667,-98.4167,68.11,81,0,3.96,MX,2022-02-03 07:45:53
470,Makakilo City,21.3469,-158.0858,72.28,73,0,3.44,US,2022-02-03 07:45:54
471,Tonantins,-2.8731,-67.8022,72.14,99,100,3.04,BR,2022-02-03 07:45:54
472,Mareeba,-17.0,145.4333,83.12,90,100,4.43,AU,2022-02-03 07:45:55
473,Deputatskiy,69.3,139.9,-24.68,93,96,3.51,RU,2022-02-03 07:45:56
474,Yar-Sale,66.8333,70.8333,6.76,96,100,6.42,RU,2022-02-03 07:45:57
475,San Quintin,30.4833,-115.95,55.42,61,0,7.36,MX,2022-02-03 07:45:58
476,Victor Harbor,-35.5667,138.6167,71.8,68,5,1.99,AU,2022-02-03 07:45:59
477,Lubango,-14.9172,13.4925,69.44,34,55,1.14,AO,2022-02-03 07:46:00
478,Mabay,6.0577,124.4666,79.54,81,100,4.99,PH,2022-02-03 07:46:01
479,Diego De Almagro,-26.3667,-70.05,58.6,51,0,1.41,CL,2022-02-03 07:46:02
480,Madang,-5.2246,145.7966,78.17,87,100,4.03,PG,2022-02-03 07:46:03
481,Marang,5.2056,103.2059,87.71,71,90,7.02,MY,2022-02-03 07:46:04
482,Tautira,-17.7333,-149.15,82.0,78,33,20.04,PF,2022-02-03 07:46:05
483,Mana,5.6592,-53.7767,76.33,84,97,7.74,GF,2022-02-03 07:46:06
484,La Seyne-Sur-Mer,43.0982,5.8847,55.89,55,66,6.2,FR,2022-02-03 07:46:06
485,Takoradi,4.8845,-1.7554,80.4,73,7,3.69,GH,2022-02-03 07:46:08
486,Saint-Augustin,51.226,-58.6502,30.0,96,100,18.92,CA,2022-02-03 07:46:09
487,Norden,53.6,7.2,46.94,96,100,16.44,DE,2022-02-03 07:46:09
488,Kropotkin,45.4375,40.5756,40.17,97,100,3.71,RU,2022-02-03 07:46:10
489,College,64.8569,-147.8028,-4.34,69,40,8.05,US,2022-02-03 07:46:11
490,Oswiecim,50.0344,19.2104,35.37,90,100,8.12,PL,2022-02-03 07:46:12
491,Aransas Pass,27.9095,-97.15,50.02,98,100,11.99,US,2022-02-03 07:46:13
492,Kristinehamn,59.3098,14.1081,24.04,83,92,4.45,SE,2022-02-03 07:46:14
493,Djambala,-2.5447,14.7533,67.19,94,100,1.5,CG,2022-02-03 07:46:15
494,Jati,24.3539,68.2671,80.76,11,0,11.92,PK,2022-02-03 07:46:16
495,Boffa,10.1667,-14.0333,71.51,90,27,3.8,GN,2022-02-03 07:46:17
496,Basco,20.4487,121.9702,76.08,75,99,10.76,PH,2022-02-03 07:42:07
497,Caldwell,43.6629,-116.6874,29.32,71,100,3.44,US,2022-02-03 07:45:24
498,San Policarpo,12.1791,125.5072,79.65,83,100,13.38,PH,2022-02-03 07:46:18
499,Dera Bugti,29.0307,69.151,68.0,19,0,6.76,PK,2022-02-03 07:46:19
500,Vrede,-27.4257,29.1659,81.12,37,0,8.75,ZA,2022-02-03 07:46:20
501,Eureka,40.8021,-124.1637,48.2,80,74,5.46,US,2022-02-03 07:46:21
502,Mount Darwin,-16.7725,31.5838,79.54,61,72,5.68,ZW,2022-02-03 07:46:22
503,Vizinga,61.0749,50.1031,19.65,92,99,6.51,RU,2022-02-03 07:46:23
504,Fiumicino,41.7675,12.2291,53.78,84,0,5.75,IT,2022-02-03 07:46:24
505,Mahibadhoo,3.7833,72.9667,82.17,70,0,9.19,MV,2022-02-03 07:46:25
506,Mineiros,-17.5694,-52.5511,67.46,95,100,4.47,BR,2022-02-03 07:46:26
507,Dannenberg,53.0967,11.09,43.36,97,100,9.33,DE,2022-02-03 07:46:26
508,Port Shepstone,-30.7414,30.455,81.39,79,6,15.1,ZA,2022-02-03 07:46:27
509,Tupik,54.4253,119.9327,-6.54,89,30,3.74,RU,2022-02-03 07:46:28
510,Shushenskoye,53.325,91.9356,-2.52,82,50,0.22,RU,2022-02-03 07:46:29
511,Mandalgovi,45.7625,106.2708,10.63,64,0,12.57,MN,2022-02-03 07:46:30
512,Shingu,33.7333,135.9833,47.91,49,100,7.14,JP,2022-02-03 07:46:31
513,Labuhan,-6.8844,112.2051,85.5,69,97,8.46,ID,2022-02-03 07:46:32
514,San Jeronimo,-11.9472,-75.2829,49.84,80,91,1.57,PE,2022-02-03 07:46:32
515,Pangody,65.85,74.4859,7.88,95,100,7.27,RU,2022-02-03 07:42:05
516,Great Yarmouth,52.6083,1.7305,46.65,93,100,12.48,GB,2022-02-03 07:43:00
517,Manzanillo,20.3433,-77.1167,69.35,90,0,8.86,CU,2022-02-03 07:46:34
518,Nortelandia,-14.4547,-56.8028,70.03,98,88,3.62,BR,2022-02-03 07:46:35
519,Tromso,69.6496,18.957,18.37,79,0,3.44,NO,2022-02-03 07:46:36
520,Nenita,12.4917,124.8044,77.58,89,100,9.19,PH,2022-02-03 07:46:37
521,Davenda,53.5556,119.317,1.81,81,13,3.02,RU,2022-02-03 07:46:38
522,Pihuamo,19.2499,-103.3828,58.19,52,0,3.58,MX,2022-02-03 07:46:38
523,Aklavik,68.2191,-135.0107,-22.97,98,100,4.85,CA,2022-02-03 07:46:39
524,Olafsvik,64.8945,-23.7142,29.17,70,86,15.77,IS,2022-02-03 07:46:40
525,Zhigansk,66.7697,123.3711,-29.81,100,15,3.44,RU,2022-02-03 07:46:41
526,Whitehorse,60.7161,-135.0538,-6.7,65,100,5.01,CA,2022-02-03 07:45:18
527,Fortuna,40.5982,-124.1573,47.93,92,100,0.0,US,2022-02-03 07:46:42
528,Starobachaty,54.2425,86.2072,15.08,89,92,1.36,RU,2022-02-03 07:46:43
529,Tambun,-6.2641,107.0712,89.64,62,40,6.91,ID,2022-02-03 07:46:44
530,Nueva Helvecia,-34.3,-57.2333,73.6,81,100,13.78,UY,2022-02-03 07:46:45
531,Green River,41.5286,-109.4662,7.14,56,65,3.0,US,2022-02-03 07:46:46
532,Palu,-0.8917,119.8707,83.61,77,100,4.14,ID,2022-02-03 07:46:47
533,Brae,60.3964,-1.353,46.31,94,100,22.12,GB,2022-02-03 07:46:47
534,Kiama,-34.6833,150.8667,71.08,62,84,1.01,AU,2022-02-03 07:44:00
535,Darhan,49.4867,105.9228,5.29,84,77,2.95,MN,2022-02-03 07:46:49
536,Kajaani,64.2273,27.7285,-11.15,77,91,1.14,FI,2022-02-03 07:46:49
537,San Giovanni Rotondo,41.7049,15.7191,33.42,75,20,10.36,IT,2022-02-03 07:46:50
538,Keffi,8.8486,7.8736,68.38,17,26,2.39,NG,2022-02-03 07:46:51
539,Kwinana,-32.25,115.7667,103.3,31,0,7.92,AU,2022-02-03 07:46:52
540,Vacaria,-28.5122,-50.9339,61.41,94,2,9.89,BR,2022-02-03 07:46:53
541,Bosaso,11.2842,49.1816,78.78,73,40,11.5,SO,2022-02-03 07:46:54
542,Aitape,-3.1374,142.3475,77.5,85,100,2.62,PG,2022-02-03 07:46:55
543,Shache,38.4167,77.2406,35.71,28,100,3.83,CN,2022-02-03 07:46:55
544,La Ronge,55.1001,-105.2842,-23.58,68,0,5.75,CA,2022-02-03 07:44:35
545,Kuntaur,13.6667,-14.8833,71.98,13,0,5.86,GM,2022-02-03 07:46:56
546,Sorong,-0.8833,131.25,82.13,79,100,6.17,ID,2022-02-03 07:46:57
547,Ikare,7.4913,5.2322,78.44,16,85,1.92,NG,2022-02-03 07:46:58
548,Oktyabrskoye,43.0645,44.7417,35.74,87,56,2.24,RU,2022-02-03 07:46:59
549,Xai-Xai,-25.0519,33.6442,91.81,46,0,4.99,MZ,2022-02-03 07:47:00
550,Mehamn,71.0357,27.8492,22.91,93,40,2.3,NO,2022-02-03 07:47:01
551,Acarau,-2.8856,-40.12,76.28,89,90,7.58,BR,2022-02-03 07:47:02
552,Evans,33.5337,-82.1307,59.2,88,0,1.01,US,2022-02-03 07:46:11
553,Chapais,49.7834,-74.8492,-0.62,91,100,7.45,CA,2022-02-03 07:47:03
554,Kaniama,-7.5667,24.1833,67.08,96,100,4.18,CD,2022-02-03 07:47:04
555,Linhares,-19.3911,-40.0722,72.12,94,100,2.44,BR,2022-02-03 07:47:05
556,Rundu,-17.9333,19.7667,77.99,55,59,5.32,NA,2022-02-03 07:47:06
557,Teahupoo,-17.8333,-149.2667,76.53,78,36,20.87,PF,2022-02-03 07:47:07
558,Calama,-22.4667,-68.9333,51.8,37,0,5.32,CL,2022-02-03 07:46:07
559,Yumbe,3.4651,31.2469,87.33,19,100,6.73,UG,2022-02-03 07:47:08
560,Lyskovo,56.0328,45.0422,19.33,91,99,1.28,RU,2022-02-03 07:47:09
